{
  "color": "green",
  "score": 0.0677776306125152,
  "fractions": {
    "green": 0.0677776306125152,
    "blue": 2.4081588421572286e-05,
    "red": 0.0
  },
  "timestamp": "2026-04-07T16:54:14.400583"
}